"client-analytics.braintreegateway.com","52.24.74.221"
"www.braintreegateway.com","3.13.64.186"
"api.sandbox.braintreegateway.com","3.13.92.194"
"forwarding.sandbox.braintreegateway.com","54.241.91.115"
"forwarding.sandbox.braintreegateway.com","184.169.134.38"
"api.braintreegateway.com","35.156.167.229"
"xoomercar.com","3.212.235.228"
"api.sandbox.braintreegateway.com","35.158.212.12"
"client-analytics.braintreegateway.com","52.62.22.62"
"api.braintreegateway.com","3.17.123.234"
"sandbox.braintreegateway.com","54.161.46.43"
"www.paypal-cardcash.com","54.175.63.43"
"api.braintreegateway.com","3.218.50.40"
"www.braintreegateway.com","3.217.221.47"
"api.braintreegateway.com","3.219.134.92"
"www.braintreegateway.com","52.40.39.250"
"client-analytics.braintreegateway.com","3.23.39.28"
"panel.sandbox.braintreegateway.com","52.41.27.252"
"api.braintreegateway.com","52.40.66.148"
"survey.qa.paypalcredit.com","52.35.198.168"
"id.braintreegateway.com","52.35.203.183"
"pos.dataxoom.com","52.43.86.81"
"api.braintreegateway.com","52.32.253.174"
"www.paypal-mobiletopup.com","54.186.44.152"
"www.braintreegateway.com","18.194.163.26"
"panel.braintreegateway.com","54.186.121.23"
"panel.sandbox.braintreegateway.com","54.186.216.240"
"api.sandbox.braintreegateway.com","52.10.180.37"
"survey.paypalcredit.com","54.191.21.4"
"sandbox.braintreegateway.com","52.52.171.44"
"sandbox.braintreegateway.com","52.65.33.215"
"api.braintreegateway.com","52.65.178.175"
"survey.paypalcredit.com","52.11.160.165"
"api.sandbox.braintreegateway.com","54.177.221.126"
"api.sandbox.braintreegateway.com","13.236.156.3"
"*.xoomenergytraining.com","52.5.227.89"
"client-analytics.braintreegateway.com","13.239.75.241"
"api.sandbox.braintreegateway.com","54.148.237.196"
"api.sandbox.braintreegateway.com","18.232.5.12"
"id.sandbox.braintreegateway.com","35.163.113.8"
"api.sandbox.braintreegateway.com","3.104.56.150"
"api.braintreegateway.com","3.105.225.84"
"client-analytics.braintreegateway.com","3.105.70.11"
"api.braintreegateway.com","3.105.10.183"
"xoomworks.com","52.56.54.70"
"panel.sandbox.braintreegateway.com","35.162.171.86"
"id.braintreegateway.com","35.160.243.92"
"id.braintreegateway.com","35.161.149.191"
"sandbox.braintreegateway.com","35.162.23.35"
"panel.braintreegateway.com","34.211.85.63"
"api.sandbox.braintreegateway.com","52.57.216.246"
"api.braintreegateway.com","54.70.36.105"
"www.paypal-mobilemoney.com","52.213.145.157"
"www.paypal-cardcash.com","52.203.233.12"
"api.sandbox.braintreegateway.com","34.237.133.134"
"forwarding.sandbox.braintreegateway.com","50.18.252.160"
"client-analytics.braintreegateway.com","34.210.93.209"
"id.sandbox.braintreegateway.com","34.214.169.81"
"client-analytics.braintreegateway.com","18.189.144.117"
"sandbox.braintreegateway.com","18.223.103.77"
"sandbox.braintreegateway.com","52.8.112.76"
"panel.braintreegateway.com","50.112.138.79"
"api.braintreegateway.com","3.130.159.200"
"api.braintreegateway.com","52.29.159.59"
"api.braintreegateway.com","35.156.167.229"
"www.paypal-workplace.com","35.174.234.87"
"client-analytics.braintreegateway.com","52.24.74.221"
"client-analytics.braintreegateway.com","52.27.211.188"
"www.braintreegateway.com","3.13.64.186"
"forwarding.sandbox.braintreegateway.com","184.169.134.38"
"forwarding.sandbox.braintreegateway.com","54.241.91.115"
"api.sandbox.braintreegateway.com","13.55.21.210"
"client-analytics.braintreegateway.com","52.62.22.62"
"api.sandbox.braintreegateway.com","35.158.212.12"
"sandbox.braintreegateway.com","35.158.30.247"
"api.braintreegateway.com","52.32.253.174"
"sandbox.braintreegateway.com","54.161.46.43"
"www.braintreegateway.com","3.217.221.47"
"api.sandbox.braintreegateway.com","3.220.238.198"
"client-analytics.braintreegateway.com","3.23.39.28"
"api.braintreegateway.com","52.40.66.148"
"api.braintreegateway.com","3.210.51.78"
"api.braintreegateway.com","3.218.50.40"
"api.braintreegateway.com","3.219.134.92"
"www.paypal-cardcash.com","54.175.63.43"
"panel.sandbox.braintreegateway.com","52.41.27.252"
"www.braintreegateway.com","18.194.163.26"
"survey.qa.paypalcredit.com","52.35.198.168"
"www.paypal-mobiletopup.com","54.186.44.152"
"panel.sandbox.braintreegateway.com","54.186.216.240"
"id.sandbox.braintreegateway.com","54.186.10.229"
"panel.braintreegateway.com","54.186.121.23"
"sandbox.braintreegateway.com","52.52.171.44"
"sandbox.braintreegateway.com","52.52.171.44"
"api.sandbox.braintreegateway.com","54.177.221.126"
"sandbox.braintreegateway.com","52.52.171.44"
"api.sandbox.braintreegateway.com","54.177.221.126"
"api.braintreegateway.com","52.65.178.175"
"api.sandbox.braintreegateway.com","52.10.180.37"
"survey.paypalcredit.com","52.11.160.165"
"api.sandbox.braintreegateway.com","54.177.221.126"
"client-analytics.braintreegateway.com","13.239.75.241"
"www.braintreegateway.com","13.236.192.223"
"api.sandbox.braintreegateway.com","13.236.156.3"
"api.sandbox.braintreegateway.com","54.148.237.196"
"client-analytics.braintreegateway.com","3.134.148.214"
"api.sandbox.braintreegateway.com","18.232.5.12"
"xoomworks.com","52.56.54.70"
"api.sandbox.braintreegateway.com","18.217.209.3"
"api.braintreegateway.com","3.105.10.183"
"client-analytics.braintreegateway.com","3.105.70.11"
"www.paypal-mobilemoney.com","52.213.145.157"
"sandbox.braintreegateway.com","35.162.23.35"
"survey.qa.paypalcredit.com","35.163.232.72"
"api.braintreegateway.com","54.70.36.105"
"api.sandbox.braintreegateway.com","52.39.201.194"
"client-analytics.braintreegateway.com","34.210.93.209"
"panel.braintreegateway.com","34.211.85.63"
"id.sandbox.braintreegateway.com","34.214.169.81"
"client-analytics.braintreegateway.com","18.189.144.117"
"api.braintreegateway.com","18.222.16.129"
"www.paypal-cardcash.com","52.203.233.12"
"api.sandbox.braintreegateway.com","34.237.133.134"
"sandbox.braintreegateway.com","18.223.103.77"
"panel.braintreegateway.com","50.112.138.79"
"sandbox.braintreegateway.com","52.8.112.76"
"integrations.sandbox.braintreegateway.com","13.57.88.209"
"api.braintreegateway.com","3.130.159.200"
"api.sandbox.braintreegateway.com","13.55.21.210"
"forwarding.sandbox.braintreegateway.com","50.18.252.160"
"api.braintreegateway.com","52.29.159.59"
"www.paypal-workplace.com","35.174.234.87"
"api.braintreegateway.com","3.122.176.248"
"callinsight1.ca.xoomtalk.com","52.60.189.163"
