"brokerbridge.cpsi.dyson.com","63.33.1.137"
"brokerbridge.cp.dyson.com","18.200.55.168"
"api.cpstage.dyson.com","63.32.68.187"
"broker1.cpppe.dyson.com","63.33.30.189"
"broker20.cp.dyson.com","18.200.101.41"
"*.dyson.com","18.200.57.42"
"broker2.cpppe.dyson.com","63.34.195.182"
"broker13.cp.dyson.com","63.32.238.196"
"broker15.cp.dyson.com","63.34.191.233"
"broker3.cp.dyson.com","52.30.47.195"
"broker16.cp.dyson.com","63.34.217.213"
"api.cpstage.dyson.com","63.35.138.125"
"brokerbridge.cp.dyson.com","63.35.179.44"
"staging.sa.dyson.com","54.154.196.118"
"broker8.cp.dyson.com","52.30.73.96"
"*.dyson.com","52.56.105.98"
"*.dyson.com","52.49.9.14"
"*.dyson.com","52.48.48.222"
"brokerbridge.cp.dyson.com","3.249.122.191"
"*.dyson.com","3.125.141.110"
"brokerbridge.cp.dyson.com","52.209.0.191"
"staging.shop.kr.dyson.com","54.180.4.234"
"shop.kr.dyson.com","54.180.68.11"
"shop.kr.dyson.com","52.79.229.173"
"staging.shop.kr.dyson.com","52.79.246.78"
"brokerbridge.cpci.dyson.com","99.81.25.109"
"retail.trainingacademy.dyson.com","54.194.21.6"
"broker19.cp.dyson.com","3.248.4.248"
"api.cpppe.dyson.com","3.248.162.31"
"brokerbridge.cp.dyson.com","3.249.4.84"
"api.cpci.dyson.com","3.248.147.191"
"brokerbridge.cp.dyson.com","3.249.62.80"
"brokerbridge.cpppe.dyson.com","3.249.77.90"
"brokerbridge.cp.dyson.com","3.249.85.193"
"sa.dyson.com","52.208.77.196"
"brokerbridge.cp.dyson.com","99.81.130.136"
"retail.trainingacademy.dyson.com","54.194.39.105"
"brokerbridge.cp.dyson.com","54.194.157.184"
"*.dyson.com","35.158.222.32"
"*.dyson.com","34.242.5.47"
"*.dyson.com","18.203.24.225"
"broker6.cp.dyson.com","54.77.219.19"
"broker5.cp.dyson.com","52.17.32.143"
"*.dyson.com","52.16.0.33"
"brokerbridge.cpci.dyson.com","18.202.244.85"
"*.dyson.com","18.197.85.244"
"*.dyson.com","54.76.237.92"
"*.dyson.com","54.76.131.76"
"*.dyson.com","54.77.124.227"
"broker9.cp.dyson.com","34.243.143.98"
"brokerbridge.cp.dyson.com","34.244.151.20"
"brokerbridge.cp.dyson.com","34.243.44.211"
"broker1.cpppe.dyson.com","63.33.30.189"
"brokerbridge.cp.dyson.com","34.243.16.85"
"brokerbridge.cpstage.dyson.com","34.243.16.187"
"broker2.cp.dyson.com","34.246.6.63"
"www.kr.dyson.com","15.165.119.22"
"*.dyson.com","176.34.137.145"
"*.dyson.com","18.194.20.46"
"brokerbridge.cp.dyson.com","34.250.221.63"
"brokerbridge.cp.dyson.com","34.254.248.49"
"broker20.cp.dyson.com","18.200.101.41"
"brokerbridge.cp.dyson.com","34.244.186.15"
"brokerbridge.cp.dyson.com","34.245.15.39"
"brokerbridge.cp.dyson.com","34.245.172.107"
"*.dyson.com","34.247.18.112"
"brokerbridge.cp.dyson.com","34.247.177.79"
"staging.sa.dyson.com","54.72.36.70"
"staging.shop.kr.dyson.com","15.164.3.40"
"www.kr.dyson.com","15.165.6.197"
"*.dyson.com","34.248.147.86"
"*.dyson.com","34.251.42.208"
"brokerbridge.cp.dyson.com","34.251.205.130"
"broker14.cp.dyson.com","34.254.40.130"
"broker12.cp.dyson.com","34.254.132.28"
"*.dyson.com","108.128.51.188"
"*.dyson.com","18.200.57.42"
"brokerbridge.cp.dyson.com","18.200.55.168"
"broker16.cp.dyson.com","63.34.217.213"
"brokerbridge.cpsi.dyson.com","63.33.1.137"
"brokerbridge.cp.dyson.com","63.35.179.44"
"broker2.cpppe.dyson.com","63.34.195.182"
"broker4.cp.dyson.com","52.31.246.133"
"broker8.cp.dyson.com","52.30.73.96"
"staging.sa.dyson.com","54.154.196.118"
"*.dyson.com","52.31.122.197"
"api.cpsi.dyson.com","52.212.164.209"
"*.dyson.com","52.56.105.98"
"*.dyson.com","52.48.48.222"
"api.cpppe.dyson.com","52.49.30.139"
"*.dyson.com","52.49.9.14"
"*.dyson.com","3.125.141.110"
"sa.dyson.com","52.208.77.196"
"brokerbridge.cpppe.dyson.com","52.51.209.108"
"brokerbridge.cp.dyson.com","52.209.0.191"
"shop.kr.dyson.com","54.180.68.11"
"brokerbridge.cp.dyson.com","52.215.236.31"
"broker19.cp.dyson.com","3.248.4.248"
"shop.kr.dyson.com","52.79.229.173"
"staging.shop.kr.dyson.com","52.79.246.78"
"brokerbridge.cp.dyson.com","99.81.130.136"
"brokerbridge.cpci.dyson.com","99.81.25.109"
"retail.trainingacademy.dyson.com","54.194.39.105"
"api.cp.dyson.com","52.16.229.144"
"brokerbridge.cp.dyson.com","3.249.122.191"
"brokerbridge.cp.dyson.com","3.249.85.193"
"brokerbridge.cp.dyson.com","3.249.62.80"
"brokerbridge.cp.dyson.com","3.249.4.84"
"brokerbridge.cpppe.dyson.com","3.249.77.90"
"*.dyson.com","35.158.222.32"
"*.dyson.com","18.197.85.244"
"*.dyson.com","54.77.124.227"
"*.dyson.com","54.76.131.76"
"broker6.cp.dyson.com","54.77.219.19"
"*.dyson.com","54.76.237.92"
"brokerbridge.cp.dyson.com","34.245.172.107"
"brokerbridge.cp.dyson.com","34.243.2.227"
"brokerbridge.cp.dyson.com","34.243.16.85"
"brokerbridge.cp.dyson.com","34.243.44.211"
"brokerbridge.cp.dyson.com","34.244.186.15"
"brokerbridge.cp.dyson.com","34.244.151.20"
"broker2.cp.dyson.com","34.246.6.63"
"*.dyson.com","34.242.5.47"
"brokerbridge.cpstage.dyson.com","34.243.16.187"
"broker10.cp.dyson.com","34.247.111.224"
"*.dyson.com","34.247.18.112"
"brokerbridge.cp.dyson.com","34.247.177.79"
"broker11.cp.dyson.com","34.247.171.42"
"*.dyson.com","176.34.137.145"
"staging.sa.dyson.com","54.72.36.70"
"staging.shop.kr.dyson.com","15.165.218.200"
"*.dyson.com","18.194.20.46"
"*.dyson.com","34.249.85.220"
"sa.dyson.com","34.249.204.143"
"brokerbridge.cp.dyson.com","34.250.221.63"
"brokerbridge.cp.dyson.com","34.251.205.130"
"brokerbridge.cp.dyson.com","34.249.196.123"
"brokerbridge.cpsi.dyson.com","34.253.201.192"
"broker14.cp.dyson.com","34.254.40.130"
"brokerbridge.cp.dyson.com","34.254.248.49"
"broker12.cp.dyson.com","34.254.132.28"
"broker17.cp.dyson.com","108.129.2.190"
"brokerbridge.cpstage.dyson.com","108.129.7.40"
"jamf.dyson.com","3.11.185.106"
"jamf.dyson.com","35.178.128.244"
"jamf.dyson.com","35.178.128.244"
"jamf.dyson.com","3.11.185.106"
