"hermes-eng.sc.tesla.services","52.24.173.111"
"hermes-stream-dev.vn.tesla.services","52.24.204.199"
"hermes-dev.vn.tesla.services","52.25.51.150"
"*.prd.sn.tesla.services","52.24.69.91"
"telemetry-prd.ap.tesla.services","52.26.249.182"
"*.me.tesla.services","52.24.47.156"
"*.prd.sn.tesla.services","52.25.253.142"
"api.toolbox.tb.tesla.services","52.26.110.105"
"*.prd.sn.tesla.services","52.26.28.152"
"hermes-dev.xx.tesla.services","54.204.54.168"
"*.eng.sn.tesla.services","52.26.63.206"
"hermes-stream-eng.sc.tesla.services","52.72.184.215"
"tel.vn.teslamotors.com","3.209.224.7"
"hermes-stream-prd.sc.tesla.services","52.89.189.200"
"hermes-stream-eng.sn.tesla.services","52.88.136.26"
"*.dev.me.tesla.services","52.88.215.49"
"*.ap.tesla.services","52.89.149.99"
"*.mp.tesla.services","52.88.242.52"
"hermes-stream-prd.vn.tesla.services","3.208.185.171"
"hermes-prd.vn.tesla.services","3.209.193.109"
"hermes-prd.vn.tesla.services","3.210.193.47"
"hermes-stream-eng.vn.tesla.services","52.73.149.220"
"*.core.tesla.services","54.164.206.8"
"hermes-stream-eng.vn.tesla.services","52.17.50.221"
"*.prd.mp.tesla.services","18.203.55.132"
"hermes-stream-prd.vn.tesla.services","3.223.176.154"
"hermes-dev.xx.tesla.services","3.211.133.58"
"*.eng.sn.tesla.services","52.43.52.163"
"apm.ap.tesla.services","52.42.219.188"
"hermes-stream-prd.vn.tesla.services","54.76.241.226"
"hermes-stream-dev.sn.tesla.services","52.40.212.139"
"*.prd.sn.tesla.services","52.42.208.212"
"telemetry-dev.do.tesla.services","52.43.4.37"
"hermes-stream-eng.vn.tesla.services","34.240.247.151"
"hermes-eng.vn.tesla.services","34.243.156.228"
"hermes-prd.sn.tesla.services","54.189.221.190"
"hermes-dev.do.tesla.services","52.33.69.147"
"*.prd.sn.tesla.services","52.35.169.181"
"hermes-stream-prd.vn.tesla.services","54.188.77.22"
"hermes-prd.ap.tesla.services","54.187.42.201"
"*.dev.me.tesla.services","52.35.213.0"
"*.eng.sn.tesla.services","52.35.145.165"
"*.dev.me.tesla.services","54.186.56.146"
"*.eng.sn.tesla.services","35.155.230.219"
"hermes-prd.sn.tesla.services","54.189.232.34"
"*.prd.k8s.tesla.services","3.34.78.98"
"tel.vn.teslamotors.com","34.252.120.214"
"hermes-prd.sn.tesla.services","54.149.35.223"
"*.me.tesla.services","52.10.35.79"
"hermes-eng.ap.tesla.services","52.11.60.63"
"*.mp.tesla.services","52.10.195.209"
"hermes-eng.vn.tesla.services","100.25.56.243"
"hermes-dev.do.tesla.services","54.148.182.124"
"tel.vn.teslamotors.com","54.148.158.138"
"*.prd.sn.tesla.services","54.149.66.179"
"hermes-prd.vn.tesla.services","54.148.188.177"
"tel.vn.teslamotors.com","54.229.69.19"
"hermes-eng.vn.tesla.services","63.33.115.111"
"hermes-stream-prd.vn.tesla.services","63.33.28.198"
"hermes-prd.vn.tesla.services","63.35.23.219"
"telemetry-eng.ap.tesla.services","3.233.62.32"
"hermes-stream-prd.sn.tesla.services","54.201.132.142"
"*.eng.sn.tesla.services","54.200.250.42"
"*.prd.mp.tesla.services","54.169.103.176"
"telemetry-prd.ap.tesla.services","3.232.60.85"
"hermes-eng.vn.tesla.services","54.200.97.142"
"hermes-stream-eng.sc.tesla.services","3.229.206.106"
"hermes-stream-eng.vn.tesla.services","34.192.116.82"
"hermes-stream-eng.sc.tesla.services","3.234.12.50"
"tel.vn.teslamotors.com","34.197.153.171"
"hermes-prd.vn.tesla.services","52.80.211.194"
"telemetry-prd.ap.tesla.services","34.200.71.248"
"hermes-stream-prd.sc.tesla.services","34.204.229.145"
"hermes-prd.sc.tesla.services","34.199.75.168"
"hermes-dev.qd.tesla.services","35.162.126.62"
"*.prd.mp.tesla.services","13.251.240.32"
"hermes-eng.vn.tesla.services","35.161.107.65"
"hermes-prd.qd.tesla.services","54.245.174.251"
"fathership.ap.tesla.services","35.162.64.15"
"telemetry-dev.do.tesla.services","35.166.52.173"
"hermes-dev.qd.tesla.services","35.163.148.231"
"*.eng.sn.tesla.services","35.162.168.91"
"hermes-prd.vn.tesla.services","35.165.243.194"
"tel.vn.teslamotors.com","35.167.215.210"
"*.mp.tesla.services","35.167.245.22"
"*.core.tesla.services","54.68.186.103"
"fathership.ap.tesla.services","54.68.29.200"
"tel.vn.teslamotors.com","52.0.242.122"
"hermes-stream-eng.vn.tesla.services","54.69.171.123"
"hermes-stream-prd.vn.tesla.services","54.213.210.176"
"hypnos.vn.tesla.services","18.144.136.144"
"*.me.tesla.services","52.0.137.178"
"api.toolbox.tb.tesla.services","54.69.238.164"
"*.prd.mp.tesla.services","54.213.28.204"
"*.prd.mp.tesla.services","52.210.134.151"
"tel.vn.teslamotors.com","52.209.48.104"
"hermes-eng.sn.tesla.services","52.13.201.107"
"hermes-dev.do.tesla.services","52.13.147.46"
"hermes-prd.ap.tesla.services","52.13.219.170"
"*.prd.mp.tesla.services","52.211.70.115"
"hermes-stream-eng.vn.tesla.services","52.215.36.128"
"tel.vn.teslamotors.com","52.12.140.189"
"hermes-eng.sc.tesla.services","52.201.195.51"
"*.prd.mp.tesla.services","52.221.26.104"
"*.prd.sn.tesla.services","54.244.193.14"
"hermes-eng.vn.tesla.services","34.232.43.99"
"hermes-stream-prd.vn.tesla.services","52.203.135.174"
"hermes-prd.vn.tesla.services","99.81.38.99"
"tel.vn.teslamotors.com","54.244.195.129"
"hermes-stream-dev.sn.tesla.services","54.244.203.170"
"*.prd.mp.tesla.services","44.226.105.248"
"telemetry-eng.ap.tesla.services","44.225.195.236"
"telemetry-prd.ap.tesla.services","44.226.3.224"
"telemetry-eng.ap.tesla.services","44.229.131.72"
"hermes-stream-prd.vn.tesla.services","44.227.60.240"
"hermes-stream-eng.sc.tesla.services","44.229.181.153"
"hermes-eng.sc.tesla.services","44.229.68.86"
"hermes-dev.xx.tesla.services","44.229.165.93"
"telemetry-eng.ap.tesla.services","44.230.77.82"
"hermes-stream-prd.sc.tesla.services","44.231.205.157"
"hermes-stream-eng.sc.tesla.services","44.229.20.159"
"tel.vn.teslamotors.com","44.232.217.128"
"hermes-dev.xx.tesla.services","44.231.104.115"
"hermes-stream-prd.sc.tesla.services","44.230.244.171"
"hermes-prd.sc.tesla.services","44.232.129.215"
"tel.vn.teslamotors.com","44.232.193.185"
"hermes-eng.vn.tesla.services","52.81.134.155"
"telemetry-prd.ap.tesla.services","44.233.246.159"
"hermes-prd.sc.tesla.services","100.20.131.243"
"hermes-stream-prd.sc.tesla.services","18.213.133.101"
"hermes-eng.sn.tesla.services","54.214.98.223"
"hermes-dev.xx.tesla.services","100.21.46.34"
"hermes-eng.sc.tesla.services","54.82.68.16"
"*.prd.sn.tesla.services","54.214.137.210"
"*.prd.mp.tesla.services","34.211.170.119"
"tel.vn.teslamotors.com","52.20.249.220"
"hermes-stream-eng.sn.tesla.services","34.210.203.63"
"hermes-dev.sn.tesla.services","34.208.245.2"
"telemetry-dev.do.tesla.services","34.211.206.217"
"*.prd.mp.tesla.services","34.215.31.64"
"*.prd.sn.tesla.services","34.215.140.167"
"hermes-dev.sn.tesla.services","34.214.1.56"
"*.dev.me.tesla.services","34.213.142.203"
"*.eng.sn.tesla.services","52.36.61.84"
"hermes-stream-prd.sn.tesla.services","34.217.254.35"
"*.dev.me.tesla.services","34.218.136.208"
"*.me.tesla.services","34.218.177.6"
"*.prd.sn.tesla.services","52.36.195.250"
"hermes-stream-dev.vn.tesla.services","52.36.22.210"
"hermes-prd.ap.tesla.services","52.36.1.221"
"tel.vn.teslamotors.com","18.205.92.147"
"*.eng.sn.tesla.services","52.36.83.134"
"*.core.tesla.services","52.39.229.43"
"hermes-stream-eng.vn.tesla.services","52.71.208.221"
"telemetry-prd.ap.tesla.services","52.87.46.198"
"*.core.tesla.services","50.112.208.178"
"*.prd.mp.tesla.services","52.25.216.120"
"*.core.tesla.services","52.24.39.104"
"*.prd.sn.tesla.services","52.24.69.91"
"*.me.tesla.services","52.24.47.156"
"hermes-eng.sc.tesla.services","52.24.173.111"
"hermes-dev.vn.tesla.services","52.25.51.150"
"*.prd.sn.tesla.services","52.26.28.152"
"telemetry-prd.ap.tesla.services","52.26.249.182"
"*.prd.sn.tesla.services","52.25.253.142"
"hermes-stream-dev.vn.tesla.services","52.24.204.199"
"api.toolbox.tb.tesla.services","52.26.110.105"
"*.eng.sn.tesla.services","52.26.63.206"
"*.ap.tesla.services","52.89.149.99"
"hermes-dev.xx.tesla.services","54.204.54.168"
"apm.ap.tesla.services","52.88.24.247"
"hermes-prd.vn.tesla.services","52.73.169.196"
"hermes-prd.vn.tesla.services","52.17.116.31"
"hermes-stream-eng.vn.tesla.services","52.17.50.221"
"hermes-prd.vn.tesla.services","3.209.193.109"
"*.dev.me.tesla.services","52.88.215.49"
"hermes-stream-prd.sc.tesla.services","52.89.189.200"
"hermes-stream-prd.sn.tesla.services","52.88.183.100"
"tel.vn.teslamotors.com","3.209.224.7"
"hermes-prd.vn.tesla.services","3.210.193.47"
"hermes-dev.xx.tesla.services","3.211.133.58"
"telemetry-dev.do.tesla.services","52.43.4.37"
"hermes-stream-prd.vn.tesla.services","3.223.176.154"
"hermes-stream-prd.vn.tesla.services","54.76.241.226"
"hermes-eng.ap.tesla.services","52.40.172.187"
"*.eng.sn.tesla.services","52.43.52.163"
"hermes-prd.sc.tesla.services","3.215.30.51"
"*.ap.tesla.services","52.40.43.62"
"hermes-stream-dev.sn.tesla.services","52.40.212.139"
"apm.ap.tesla.services","52.42.219.188"
"tel.vn.teslamotors.com","34.241.193.39"
"hermes-stream-eng.vn.tesla.services","34.240.247.151"
"*.prd.sn.tesla.services","52.35.169.181"
"hermes-dev.do.tesla.services","52.33.69.147"
"hermes-eng.vn.tesla.services","34.243.156.228"
"*.dev.me.tesla.services","52.35.213.0"
"*.eng.sn.tesla.services","52.35.145.165"
"*.dev.me.tesla.services","54.186.56.146"
"hermes-stream-prd.vn.tesla.services","54.188.77.22"
"hermes-prd.ap.tesla.services","54.187.42.201"
"*.prd.k8s.tesla.services","3.34.78.98"
"cloudprotect.tesla.com","18.138.70.245"
"hermes-prd.sn.tesla.services","54.189.221.190"
"hermes-prd.sn.tesla.services","54.189.232.34"
"tel.vn.teslamotors.com","34.252.120.214"
"hermes-eng.ap.tesla.services","52.11.60.63"
"hermes-prd.vn.tesla.services","54.148.188.177"
"osquery-dev-fleet.teslamotors.com","54.200.45.152"
"osquery-dev-fleet.teslamotors.com","35.164.84.68"
"hermes-eng.vn.tesla.services","100.25.56.243"
"osquery-dev-fleet.teslamotors.com","54.200.45.152"
"osquery-dev-fleet.teslamotors.com","35.164.84.68"
"tel.vn.teslamotors.com","54.148.158.138"
"hermes-prd.sn.tesla.services","54.149.35.223"
"*.prd.sn.tesla.services","54.149.66.179"
"tel.vn.teslamotors.com","54.229.69.19"
"hermes-stream-prd.vn.tesla.services","63.33.28.198"
"tel.vn.teslamotors.com","63.34.246.108"
"*.prd.mp.tesla.services","54.169.103.176"
"hermes-eng.vn.tesla.services","63.33.115.111"
"hermes-prd.vn.tesla.services","63.35.23.219"
"*.eng.sn.tesla.services","54.200.250.42"
"hermes-stream-eng.sc.tesla.services","3.229.206.106"
"telemetry-eng.ap.tesla.services","3.233.62.32"
"telemetry-prd.ap.tesla.services","3.232.60.85"
"hermes-stream-eng.sc.tesla.services","3.234.12.50"
"*.mp.tesla.services","35.167.245.22"
"hermes-stream-prd.sc.tesla.services","34.192.181.98"
"tel.vn.teslamotors.com","34.192.202.199"
"hermes-prd.sc.tesla.services","34.199.75.168"
"telemetry-prd.ap.tesla.services","34.200.71.248"
"hermes-stream-prd.sc.tesla.services","34.204.229.145"
"telemetry-eng.ap.tesla.services","34.206.24.67"
"hermes-prd.vn.tesla.services","52.80.211.194"
"*.prd.mp.tesla.services","13.251.240.32"
"hermes-eng.vn.tesla.services","35.161.107.65"
"hermes-prd.vn.tesla.services","35.165.243.194"
"tel.vn.teslamotors.com","35.167.215.210"
"hermes-stream-eng.vn.tesla.services","34.192.116.82"
"tel.vn.teslamotors.com","34.197.153.171"
"hermes-prd.vn.tesla.services","52.80.118.111"
"hermes-prd.qd.tesla.services","54.245.174.251"
"hermes-dev.vn.tesla.services","35.164.115.151"
"hermes-stream-eng.vn.tesla.services","35.165.10.170"
"*.prd.sn.tesla.services","35.164.95.167"
"*.core.tesla.services","54.68.186.103"
"hermes-stream-prd.vn.tesla.services","52.48.205.219"
"fathership.ap.tesla.services","54.68.29.200"
"hermes-stream-eng.vn.tesla.services","54.69.171.123"
"hypnos.vn.tesla.services","18.144.136.144"
"hermes-stream-prd.vn.tesla.services","54.213.210.176"
"*.me.tesla.services","52.0.137.178"
"hermes-prd.ap.tesla.services","52.13.219.170"
"tel.vn.teslamotors.com","52.0.242.122"
"*.prd.mp.tesla.services","52.211.70.115"
"hermes-eng.vn.tesla.services","54.223.90.218"
"tel.vn.teslamotors.com","52.12.140.189"
"*.prd.mp.tesla.services","52.210.134.151"
"hermes-stream-eng.vn.tesla.services","52.215.36.128"
"hermes-eng.sn.tesla.services","52.13.201.107"
"hermes-eng.sc.tesla.services","52.201.195.51"
"hermes-dev.do.tesla.services","52.13.147.46"
"*.prd.mp.tesla.services","52.221.26.104"
"hermes-eng.vn.tesla.services","34.232.43.99"
"hermes-stream-prd.vn.tesla.services","52.203.135.174"
"hermes-dev.xx.tesla.services","34.228.0.68"
"hermes-prd.vn.tesla.services","99.81.38.99"
"hermes-dev.xx.tesla.services","44.231.104.115"
"hermes-stream-dev.sn.tesla.services","54.244.203.170"
"telemetry-prd.ap.tesla.services","44.226.3.224"
"telemetry-eng.ap.tesla.services","44.225.195.236"
"*.prd.mp.tesla.services","44.226.105.248"
"hermes-eng.sc.tesla.services","44.229.68.86"
"telemetry-eng.ap.tesla.services","44.230.77.82"
"hermes-stream-prd.vn.tesla.services","44.227.60.240"
"hermes-dev.xx.tesla.services","44.229.165.93"
"telemetry-eng.ap.tesla.services","44.229.131.72"
"hermes-stream-eng.sc.tesla.services","44.229.181.153"
"hermes-stream-prd.sc.tesla.services","44.230.244.171"
"hermes-stream-prd.sc.tesla.services","44.231.205.157"
"hermes-stream-eng.sc.tesla.services","44.229.20.159"
"tel.vn.teslamotors.com","44.232.193.185"
"hermes-prd.sc.tesla.services","44.232.129.215"
"telemetry-prd.ap.tesla.services","44.233.246.159"
"*.core.tesla.services","100.21.20.56"
"tel.vn.teslamotors.com","44.232.217.128"
"hermes-eng.vn.tesla.services","52.81.134.155"
"hermes-stream-prd.sc.tesla.services","18.213.133.101"
"hermes-dev.xx.tesla.services","100.21.46.34"
"hermes-eng.sc.tesla.services","54.82.68.16"
"tel.vn.teslamotors.com","52.20.249.220"
"hermes-prd.qd.tesla.services","54.214.194.239"
"hermes-eng.sn.tesla.services","54.214.98.223"
"hermes-stream-eng.vn.tesla.services","34.208.136.43"
"*.prd.sn.tesla.services","34.208.105.136"
"hermes-prd.vn.tesla.services","34.208.213.1"
"hermes-prd.qd.tesla.services","34.209.86.43"
"hermes-dev.sn.tesla.services","34.208.245.2"
"telemetry-dev.do.tesla.services","34.211.206.217"
"*.prd.mp.tesla.services","34.211.41.134"
"hermes-stream-eng.sn.tesla.services","34.210.203.63"
"*.core.tesla.services","34.210.176.207"
"*.prd.mp.tesla.services","34.211.170.119"
"*.eng.sn.tesla.services","34.213.127.15"
"hermes-dev.sn.tesla.services","34.214.1.56"
"*.dev.me.tesla.services","34.213.142.203"
"*.core.tesla.services","50.112.208.178"
"hermes-stream-prd.sn.tesla.services","34.217.254.35"
"*.me.tesla.services","34.218.177.6"
"*.dev.me.tesla.services","34.218.136.208"
"*.eng.sn.tesla.services","52.36.83.134"
"hermes-stream-dev.vn.tesla.services","52.36.22.210"
"hermes-prd.ap.tesla.services","52.36.1.221"
"*.eng.sn.tesla.services","52.36.61.84"
"*.prd.sn.tesla.services","34.215.140.167"
"*.prd.sn.tesla.services","52.36.195.250"
"telemetry-prd.ap.tesla.services","52.87.46.198"
"tel.vn.teslamotors.com","18.205.92.147"
