"resilient.corp.uber.com","54.149.60.137"
"cn-slow2.uber.com","100.20.210.243"
"uProtect-signing-test.service.uber.com","18.216.22.207"
"cn-slow1.uber.com","35.162.212.181"
"marketplace.uber.com","35.167.191.110"
"resilient.corp.uber.com","54.68.97.56"
"marketplace.uber.com","52.10.244.83"
"marketplace.uber.com","34.211.249.177"
"cn-slow2.uber.com","34.216.11.104"
"marketplace.uber.com","52.27.58.5"
"marketplace.uber.com","52.26.90.143"
"cn-slow1.uber.com","52.43.77.46"
"cn-slow1.uber.com","35.162.212.181"
"resilient.corp.uber.com","54.149.60.137"
"marketplace.uber.com","35.160.188.111"
"marketplace.uber.com","34.211.249.177"
"marketplace.uber.com","35.167.191.110"
"resilient.corp.uber.com","54.68.97.56"
"cn-slow2.uber.com","100.20.210.243"
"cn-slow2.uber.com","34.216.11.104"
"marketplace.uber.com","52.26.90.143"
"marketplace.uber.com","52.27.58.5"
"marketplace.uber.com","52.10.244.83"
"uchat.uberinternal.com","52.30.29.38"
"outages.uberinternal.com","52.7.166.66"
"crypt.uberinternal.com","54.148.230.187"
"chef.awscorp.uberinternal.com","35.165.7.192"
"vpn.awscorp.uberinternal.com","52.58.61.129"
"sal-staging.uberinternal.com","35.162.49.165"
"jeng-staging.uberinternal.com","35.163.245.102"
"crypt-staging.uberinternal.com","35.163.232.18"
"t3-staging.uberinternal.com","100.20.207.148"
"t3-staging.uberinternal.com","35.164.121.11"
"crypt.uberinternal.com","35.166.82.39"
"crypt.uberinternal.com","35.166.43.205"
"engwiki-staging.uberinternal.com","54.71.134.34"
"engwiki-staging.uberinternal.com","52.12.33.34"
"vpn.awscorp.uberinternal.com","52.200.188.39"
"vpn.awscorp.uberinternal.com","52.200.108.185"
"vpn.awscorp.uberinternal.com","52.202.55.101"
"vpn.awscorp.uberinternal.com","52.202.73.226"
"jira-dev.uberinternal.com","35.166.112.66"
"t3.uberinternal.com","54.70.215.75"
"jira.uberinternal.com","34.216.154.129"
"vpn.awscorp.uberinternal.com","52.22.102.139"
"jeng.uberinternal.com","34.210.236.71"
"t3.uberinternal.com","34.210.157.118"
"jira.uberinternal.com","34.214.53.191"
"jira-staging.uberinternal.com","34.212.11.118"
"sal.uberinternal.com","34.216.3.19"
"outages.uberinternal.com","34.223.34.98"
"team.uberinternal.com","34.215.58.225"
"chef.awscorp.uberinternal.com","34.217.188.26"
"sal-staging.uberinternal.com","52.36.49.37"
"chef.awscorp.uberinternal.com","52.37.39.53"
"chef.awscorp.uberinternal.com","52.36.94.124"
"vpn.awscorp.uberinternal.com","52.9.202.252"
"vpn.awscorp.uberinternal.com","52.9.203.18"
"lgtm.uberinternal.com","3.94.218.83"
"vpn.awscorp.uberinternal.com","52.9.203.12"
"axonius.uberinternal.com","3.223.27.194"
"lgtm-staging.uberinternal.com","3.223.22.17"
"uchat-staging.uberinternal.com","54.76.144.251"
"engwiki.uberinternal.com","52.25.232.156"
"engwiki.uberinternal.com","52.42.20.190"
"jira-staging.uberinternal.com","52.35.34.174"
"crypt-staging.uberinternal.com","52.43.230.59"
"sal.uberinternal.com","52.33.46.139"
"jira-dev.uberinternal.com","52.35.58.98"
"team.uberinternal.com","54.189.65.112"
"team.uberinternal.com","54.184.141.101"
"sal-staging.uberinternal.com","35.162.49.165"
"carbon-prototype.uberinternal.com","52.52.214.159"
"vpn.awscorp.uberinternal.com","52.77.28.90"
"vpn.awscorp.uberinternal.com","52.77.29.131"
"vpn.awscorp.uberinternal.com","52.77.77.184"
"crypt.uberinternal.com","54.148.230.187"
"team.uberinternal.com","54.191.156.222"
"vpn.awscorp.uberinternal.com","52.67.4.239"
"vpn.awscorp.uberinternal.com","52.67.227.106"
"vpn.awscorp.uberinternal.com","52.10.150.11"
"vpn.awscorp.uberinternal.com","52.77.77.234"
"outages.uberinternal.com","52.7.166.66"
"jeng.uberinternal.com","54.148.181.213"
"uchat.uberinternal.com","52.30.29.38"
"engwiki-staging.uberinternal.com","52.12.33.34"
"crypt.uberinternal.com","35.166.43.205"
"jira-dev.uberinternal.com","35.166.112.66"
"crypt.uberinternal.com","35.166.82.39"
"vpn.awscorp.uberinternal.com","52.200.108.185"
"t3.uberinternal.com","54.70.215.75"
"engwiki-staging.uberinternal.com","54.71.134.34"
"vpn.awscorp.uberinternal.com","52.74.74.89"
"vpn.awscorp.uberinternal.com","52.29.93.168"
"team.uberinternal.com","34.215.58.225"
"sal.uberinternal.com","34.216.3.19"
"jira.uberinternal.com","34.216.154.129"
"chef.awscorp.uberinternal.com","52.36.94.124"
"jira-dc.uberinternal.com","54.193.75.93"
"t3-staging.uberinternal.com","100.20.207.148"
"vpn.awscorp.uberinternal.com","52.22.102.139"
"t3.uberinternal.com","34.210.157.118"
"jeng.uberinternal.com","34.210.236.71"
"jira-staging.uberinternal.com","34.212.11.118"
"chef.awscorp.uberinternal.com","34.217.188.26"
"chef.awscorp.uberinternal.com","52.37.39.53"
"sal-staging.uberinternal.com","52.36.49.37"
"vpn.awscorp.uberinternal.com","52.9.203.12"
"vpn.awscorp.uberinternal.com","52.29.142.170"
"vpn.awscorp.uberinternal.com","52.29.231.214"
"carbon-prototype.uberinternal.com","52.9.91.145"
"engwiki.uberinternal.com","52.25.232.156"
"lgtm.uberinternal.com","3.94.218.83"
"uchat-staging.uberinternal.com","54.76.144.251"
"crypt-staging.uberinternal.com","52.43.230.59"
"sal.uberinternal.com","52.40.7.102"
"jeng-staging.uberinternal.com","52.42.42.227"
"engwiki.uberinternal.com","52.42.20.190"
"sal.uberinternal.com","52.33.46.139"
"vpn.awscorp.uberinternal.com","52.32.63.81"
"team.uberinternal.com","54.189.65.112"
"jira-dev.uberinternal.com","52.35.58.98"
"jira-staging.uberinternal.com","52.35.34.174"
"vpn.awscorp.uberinternal.com","52.67.4.239"
"vpn.awscorp.uberinternal.com","52.67.8.220"
"vpn.awscorp.uberinternal.com","52.67.6.249"
"vpn.awscorp.uberinternal.com","52.67.227.106"
"vpn.awscorp.uberinternal.com","52.67.10.140"
"vpn.awscorp.uberinternal.com","52.67.4.206"
"carbon-prototype.uberinternal.com","52.52.214.159"
"vpn.awscorp.uberinternal.com","52.77.29.131"
